"img_file","category","count_by_category"
"croz_20211127_100_279.jpg","no_ADPE",1
"croz_20211127_100_446.jpg","no_ADPE",1
"croz_20211127_100_456.jpg","ADPE_a",8
"croz_20211127_100_456.jpg","ADPE_a_stand",2
"croz_20211127_100_514.jpg","no_ADPE",1
"croz_20211127_100_517.jpg","no_ADPE",1
"croz_20211127_100_631.jpg","no_ADPE",1
"croz_20211127_101_410.jpg","ADPE_a",20
"croz_20211127_101_410.jpg","ADPE_a_stand",5
"croz_20211127_101_421.jpg","ADPE_a",2
"croz_20211127_101_421.jpg","ADPE_a_stand",1
"croz_20211127_102_183.jpg","no_ADPE",1
"croz_20211127_102_412.jpg","ADPE_a_stand",3
"croz_20211127_102_413.jpg","ADPE_a",4
"croz_20211127_102_413.jpg","ADPE_a_stand",1
"croz_20211127_102_426.jpg","no_ADPE",1
"croz_20211127_102_457.jpg","ADPE_a",3
"croz_20211127_102_457.jpg","ADPE_a_stand",1
"croz_20211127_102_462.jpg","ADPE_a",15
"croz_20211127_102_462.jpg","ADPE_a_stand",3
"croz_20211127_102_523.jpg","ADPE_a",24
"croz_20211127_102_523.jpg","ADPE_a_stand",8
"croz_20211127_102_630.jpg","ADPE_a_stand",2
"croz_20211127_103_437.jpg","ADPE_a",2
"croz_20211127_103_437.jpg","ADPE_a_stand",3
"croz_20211127_103_522.jpg","ADPE_a_stand",5
"croz_20211127_104_165.jpg","ADPE_a",22
"croz_20211127_104_165.jpg","ADPE_a_stand",5
"croz_20211127_104_538.jpg","ADPE_a",12
"croz_20211127_104_538.jpg","ADPE_a_stand",5
"croz_20211127_104_570.jpg","ADPE_a",2
"croz_20211127_104_620.jpg","no_ADPE",1
"croz_20211127_105_221.jpg","ADPE_a",10
"croz_20211127_105_221.jpg","ADPE_a_stand",7
"croz_20211127_105_400.jpg","no_ADPE",1
"croz_20211127_105_509.jpg","ADPE_a",14
"croz_20211127_105_509.jpg","ADPE_a_stand",3
"croz_20211127_106_276.jpg","ADPE_a",2
"croz_20211127_106_276.jpg","ADPE_a_stand",4
"croz_20211127_106_403.jpg","ADPE_a",4
"croz_20211127_106_556.jpg","ADPE_a",5
"croz_20211127_106_556.jpg","ADPE_a_stand",3
"croz_20211127_107_222.jpg","ADPE_a",5
"croz_20211127_107_222.jpg","ADPE_a_stand",1
"croz_20211127_107_260.jpg","ADPE_a",25
"croz_20211127_107_260.jpg","ADPE_a_stand",7
"croz_20211127_107_263.jpg","ADPE_a",8
"croz_20211127_108_238.jpg","ADPE_a",25
"croz_20211127_108_238.jpg","ADPE_a_stand",6
"croz_20211127_108_516.jpg","ADPE_a",11
"croz_20211127_108_568.jpg","ADPE_a",23
"croz_20211127_108_568.jpg","ADPE_a_stand",3
"croz_20211127_109_238.jpg","no_ADPE",1
"croz_20211127_109_548.jpg","ADPE_a",18
"croz_20211127_109_548.jpg","ADPE_a_stand",6
"croz_20211127_110_173.jpg","no_ADPE",1
"croz_20211127_110_348.jpg","ADPE_a",30
"croz_20211127_110_348.jpg","ADPE_a_stand",5
"croz_20211127_111_495.jpg","no_ADPE",1
"croz_20211127_111_502.jpg","ADPE_a",24
"croz_20211127_111_502.jpg","ADPE_a_stand",9
"croz_20211127_112_434.jpg","ADPE_a",9
"croz_20211127_112_434.jpg","ADPE_a_stand",2
"croz_20211127_113_302.jpg","ADPE_a",31
"croz_20211127_113_302.jpg","ADPE_a_stand",8
"croz_20211127_113_389.jpg","no_ADPE",1
"croz_20211127_113_436.jpg","no_ADPE",1
"croz_20211127_113_548.jpg","ADPE_a",6
"croz_20211127_113_548.jpg","ADPE_a_stand",5
"croz_20211127_113_555.jpg","no_ADPE",1
"croz_20211127_114_225.jpg","no_ADPE",1
"croz_20211127_114_341.jpg","ADPE_a",14
"croz_20211127_114_341.jpg","ADPE_a_stand",4
"croz_20211127_114_455.jpg","ADPE_a",8
"croz_20211127_114_455.jpg","ADPE_a_stand",2
"croz_20211127_115_521.jpg","no_ADPE",1
"croz_20211127_115_549.jpg","no_ADPE",1
"croz_20211127_116_263.jpg","no_ADPE",1
"croz_20211127_116_475.jpg","ADPE_a",6
"croz_20211127_116_475.jpg","ADPE_a_stand",4
"croz_20211127_116_486.jpg","no_ADPE",1
"croz_20211127_116_487.jpg","no_ADPE",1
"croz_20211127_116_525.jpg","no_ADPE",1
"croz_20211127_117_255.jpg","no_ADPE",1
"croz_20211127_117_373.jpg","no_ADPE",1
"croz_20211127_117_388.jpg","ADPE_a",6
"croz_20211127_117_388.jpg","ADPE_a_stand",1
"croz_20211127_117_535.jpg","ADPE_a",5
"croz_20211127_117_545.jpg","no_ADPE",1
"croz_20211127_118_392.jpg","no_ADPE",1
"croz_20211127_118_417.jpg","no_ADPE",1
"croz_20211127_118_432.jpg","ADPE_a",11
"croz_20211127_118_432.jpg","ADPE_a_stand",4
"croz_20211127_118_459.jpg","ADPE_a",2
"croz_20211127_119_347.jpg","no_ADPE",1
"croz_20211127_119_455.jpg","ADPE_a",22
"croz_20211127_119_455.jpg","ADPE_a_stand",4
"croz_20211127_119_488.jpg","no_ADPE",1
"croz_20211127_119_493.jpg","no_ADPE",1
"croz_20211127_120_278.jpg","ADPE_a",21
"croz_20211127_120_278.jpg","ADPE_a_stand",5
"croz_20211127_120_353.jpg","no_ADPE",1
"croz_20211127_120_436.jpg","ADPE_a",15
"croz_20211127_120_436.jpg","ADPE_a_stand",6
"croz_20211127_120_487.jpg","no_ADPE",1
"croz_20211127_120_532.jpg","ADPE_a",1
"croz_20211127_120_532.jpg","ADPE_a_stand",1
"croz_20211127_121_258.jpg","ADPE_a",21
"croz_20211127_121_258.jpg","ADPE_a_stand",8
"croz_20211127_121_386.jpg","no_ADPE",1
"croz_20211127_121_389.jpg","no_ADPE",1
"croz_20211127_122_385.jpg","no_ADPE",1
"croz_20211127_122_399.jpg","no_ADPE",1
"croz_20211127_122_471.jpg","ADPE_a",10
"croz_20211127_122_471.jpg","ADPE_a_stand",4
"croz_20211127_122_495.jpg","ADPE_a",1
"croz_20211127_123_253.jpg","ADPE_a",2
"croz_20211127_123_288.jpg","ADPE_a",18
"croz_20211127_123_288.jpg","ADPE_a_stand",5
"croz_20211127_123_295.jpg","no_ADPE",1
"croz_20211127_123_476.jpg","ADPE_a",20
"croz_20211127_123_476.jpg","ADPE_a_stand",1
"croz_20211127_123_554.jpg","ADPE_a",17
"croz_20211127_123_554.jpg","ADPE_a_stand",5
"croz_20211127_124_295.jpg","no_ADPE",1
"croz_20211127_124_379.jpg","ADPE_a",5
"croz_20211127_124_379.jpg","ADPE_a_stand",1
"croz_20211127_124_443.jpg","ADPE_a",2
"croz_20211127_125_336.jpg","ADPE_a",14
"croz_20211127_125_336.jpg","ADPE_a_stand",4
"croz_20211127_125_482.jpg","ADPE_a",14
"croz_20211127_125_482.jpg","ADPE_a_stand",5
"croz_20211127_126_276.jpg","ADPE_a",24
"croz_20211127_126_276.jpg","ADPE_a_stand",1
"croz_20211127_126_361.jpg","no_ADPE",1
"croz_20211127_126_368.jpg","ADPE_a",3
"croz_20211127_126_384.jpg","ADPE_a",22
"croz_20211127_126_384.jpg","ADPE_a_stand",10
"croz_20211127_126_395.jpg","ADPE_a",11
"croz_20211127_126_490.jpg","no_ADPE",1
"croz_20211127_127_266.jpg","no_ADPE",1
"croz_20211127_127_297.jpg","ADPE_a",10
"croz_20211127_127_297.jpg","ADPE_a_stand",1
"croz_20211127_127_401.jpg","no_ADPE",1
"croz_20211127_127_450.jpg","ADPE_a",7
"croz_20211127_127_450.jpg","ADPE_a_stand",7
"croz_20211127_128_428.jpg","ADPE_a",18
"croz_20211127_128_428.jpg","ADPE_a_stand",12
"croz_20211127_129_445.jpg","ADPE_a",8
"croz_20211127_129_445.jpg","ADPE_a_stand",4
"croz_20211127_129_446.jpg","ADPE_a",17
"croz_20211127_129_446.jpg","ADPE_a_stand",11
"croz_20211127_129_493.jpg","ADPE_a",7
"croz_20211127_129_493.jpg","ADPE_a_stand",4
"croz_20211127_130_265.jpg","ADPE_a",7
"croz_20211127_130_265.jpg","ADPE_a_stand",4
"croz_20211127_130_402.jpg","ADPE_a",10
"croz_20211127_130_402.jpg","ADPE_a_stand",1
"croz_20211127_131_285.jpg","ADPE_a",13
"croz_20211127_131_330.jpg","ADPE_a_stand",1
"croz_20211127_131_333.jpg","ADPE_a",2
"croz_20211127_131_333.jpg","ADPE_a_stand",1
"croz_20211127_131_440.jpg","ADPE_a",9
"croz_20211127_131_440.jpg","ADPE_a_stand",2
"croz_20211127_131_470.jpg","ADPE_a",9
"croz_20211127_131_470.jpg","ADPE_a_stand",2
"croz_20211127_131_511.jpg","ADPE_a",15
"croz_20211127_131_511.jpg","ADPE_a_stand",4
"croz_20211127_132_311.jpg","ADPE_a",1
"croz_20211127_132_311.jpg","ADPE_a_stand",2
"croz_20211127_132_327.jpg","ADPE_a",27
"croz_20211127_132_327.jpg","ADPE_a_stand",7
"croz_20211127_132_390.jpg","ADPE_a",16
"croz_20211127_132_390.jpg","ADPE_a_stand",1
"croz_20211127_133_285.jpg","ADPE_a",26
"croz_20211127_133_285.jpg","ADPE_a_stand",8
"croz_20211127_133_355.jpg","no_ADPE",1
"croz_20211127_133_395.jpg","ADPE_a",7
"croz_20211127_133_395.jpg","ADPE_a_stand",9
"croz_20211127_133_503.jpg","no_ADPE",1
"croz_20211127_134_376.jpg","no_ADPE",1
"croz_20211127_134_436.jpg","ADPE_a",21
"croz_20211127_134_436.jpg","ADPE_a_stand",4
"croz_20211127_134_458.jpg","no_ADPE",1
"croz_20211127_134_508.jpg","ADPE_a",16
"croz_20211127_134_508.jpg","ADPE_a_stand",2
"croz_20211127_135_270.jpg","ADPE_a",3
"croz_20211127_135_286.jpg","no_ADPE",1
"croz_20211127_135_391.jpg","ADPE_a",18
"croz_20211127_135_391.jpg","ADPE_a_stand",5
"croz_20211127_135_407.jpg","ADPE_a",9
"croz_20211127_135_407.jpg","ADPE_a_stand",1
"croz_20211127_135_425.jpg","ADPE_a",18
"croz_20211127_135_425.jpg","ADPE_a_stand",5
"croz_20211127_135_498.jpg","ADPE_a",17
"croz_20211127_135_498.jpg","ADPE_a_stand",2
"croz_20211127_136_281.jpg","no_ADPE",1
"croz_20211127_136_377.jpg","ADPE_a",9
"croz_20211127_136_377.jpg","ADPE_a_stand",7
"croz_20211127_136_383.jpg","no_ADPE",1
"croz_20211127_136_426.jpg","ADPE_a",18
"croz_20211127_136_426.jpg","ADPE_a_stand",8
"croz_20211127_136_485.jpg","ADPE_a",5
"croz_20211127_136_485.jpg","ADPE_a_stand",3
"croz_20211127_137_334.jpg","ADPE_a",28
"croz_20211127_137_334.jpg","ADPE_a_stand",8
"croz_20211127_137_385.jpg","ADPE_a",18
"croz_20211127_137_385.jpg","ADPE_a_stand",6
"croz_20211127_137_397.jpg","ADPE_a",23
"croz_20211127_137_397.jpg","ADPE_a_stand",12
"croz_20211127_137_430.jpg","no_ADPE",1
"croz_20211127_137_478.jpg","ADPE_a",7
"croz_20211127_137_478.jpg","ADPE_a_stand",6
"croz_20211127_138_369.jpg","ADPE_a",15
"croz_20211127_138_369.jpg","ADPE_a_stand",10
"croz_20211127_138_502.jpg","no_ADPE",1
"croz_20211127_139_289.jpg","ADPE_a",3
"croz_20211127_140_310.jpg","ADPE_a",2
"croz_20211127_140_310.jpg","ADPE_a_stand",1
"croz_20211127_140_334.jpg","ADPE_a",13
"croz_20211127_140_334.jpg","ADPE_a_stand",3
"croz_20211127_141_333.jpg","ADPE_a",1
"croz_20211127_141_389.jpg","ADPE_a",19
"croz_20211127_141_389.jpg","ADPE_a_stand",12
"croz_20211127_142_320.jpg","ADPE_a_stand",1
"croz_20211127_142_402.jpg","ADPE_a",2
"croz_20211127_143_443.jpg","ADPE_a",7
"croz_20211127_143_443.jpg","ADPE_a_stand",5
"croz_20211127_143_455.jpg","ADPE_a_stand",1
"croz_20211127_143_469.jpg","ADPE_a",14
"croz_20211127_143_469.jpg","ADPE_a_stand",7
"croz_20211127_144_446.jpg","ADPE_a",1
"croz_20211127_145_335.jpg","ADPE_a",29
"croz_20211127_145_335.jpg","ADPE_a_stand",6
"croz_20211127_145_344.jpg","no_ADPE",1
"croz_20211127_145_365.jpg","no_ADPE",1
"croz_20211127_146_368.jpg","ADPE_a",6
"croz_20211127_146_368.jpg","ADPE_a_stand",2
"croz_20211127_146_385.jpg","ADPE_a",2
"croz_20211127_146_385.jpg","ADPE_a_stand",1
"croz_20211127_146_421.jpg","ADPE_a",18
"croz_20211127_146_421.jpg","ADPE_a_stand",4
"croz_20211127_146_461.jpg","no_ADPE",1
"croz_20211127_147_392.jpg","ADPE_a",18
"croz_20211127_147_392.jpg","ADPE_a_stand",13
"croz_20211127_148_365.jpg","no_ADPE",1
"croz_20211127_148_464.jpg","ADPE_a",17
"croz_20211127_148_464.jpg","ADPE_a_stand",11
"croz_20211127_149_325.jpg","no_ADPE",1
"croz_20211127_149_331.jpg","ADPE_a",23
"croz_20211127_149_331.jpg","ADPE_a_stand",6
"croz_20211127_150_401.jpg","ADPE_a",19
"croz_20211127_150_401.jpg","ADPE_a_stand",10
"croz_20211127_151_350.jpg","no_ADPE",1
"croz_20211127_151_391.jpg","no_ADPE",1
"croz_20211127_151_462.jpg","ADPE_a",11
"croz_20211127_151_462.jpg","ADPE_a_stand",6
"croz_20211127_151_488.jpg","no_ADPE",1
"croz_20211127_152_356.jpg","no_ADPE",1
"croz_20211127_152_365.jpg","no_ADPE",1
"croz_20211127_152_441.jpg","no_ADPE",1
"croz_20211127_153_328.jpg","no_ADPE",1
"croz_20211127_153_358.jpg","ADPE_a",2
"croz_20211127_153_358.jpg","ADPE_a_stand",2
"croz_20211127_154_353.jpg","ADPE_a",9
"croz_20211127_154_353.jpg","ADPE_a_stand",1
"croz_20211127_154_404.jpg","ADPE_a",22
"croz_20211127_154_404.jpg","ADPE_a_stand",6
"croz_20211127_154_423.jpg","ADPE_a",4
"croz_20211127_154_423.jpg","ADPE_a_stand",1
"croz_20211127_155_395.jpg","no_ADPE",1
"croz_20211127_155_397.jpg","no_ADPE",1
"croz_20211127_155_429.jpg","no_ADPE",1
"croz_20211127_155_470.jpg","no_ADPE",1
"croz_20211127_156_358.jpg","ADPE_a",16
"croz_20211127_156_370.jpg","ADPE_a",1
"croz_20211127_156_370.jpg","ADPE_a_stand",1
"croz_20211127_156_395.jpg","no_ADPE",1
"croz_20211127_156_425.jpg","ADPE_a",3
"croz_20211127_156_437.jpg","ADPE_a",19
"croz_20211127_156_437.jpg","ADPE_a_stand",3
"croz_20211127_158_452.jpg","ADPE_a",5
"croz_20211127_158_452.jpg","ADPE_a_stand",1
"croz_20211127_159_369.jpg","ADPE_a",5
"croz_20211127_162_387.jpg","ADPE_a",1
"croz_20211127_162_387.jpg","ADPE_a_stand",1
"croz_20211127_162_401.jpg","ADPE_a",2
"croz_20211127_163_393.jpg","ADPE_a",12
"croz_20211127_163_393.jpg","ADPE_a_stand",2
"croz_20211127_163_473.jpg","ADPE_a",15
"croz_20211127_163_473.jpg","ADPE_a_stand",13
"croz_20211127_164_383.jpg","ADPE_a",30
"croz_20211127_164_383.jpg","ADPE_a_stand",6
"croz_20211127_165_354.jpg","ADPE_a",22
"croz_20211127_165_354.jpg","ADPE_a_stand",8
"croz_20211127_165_372.jpg","ADPE_a",1
"croz_20211127_165_372.jpg","ADPE_a_stand",1
"croz_20211127_165_386.jpg","ADPE_a",10
"croz_20211127_165_386.jpg","ADPE_a_stand",3
"croz_20211127_165_404.jpg","no_ADPE",1
"croz_20211127_165_500.jpg","ADPE_a",2
"croz_20211127_168_359.jpg","ADPE_a",11
"croz_20211127_168_359.jpg","ADPE_a_stand",1
"croz_20211127_169_494.jpg","ADPE_a_stand",1
"croz_20211127_170_442.jpg","ADPE_a",18
"croz_20211127_170_442.jpg","ADPE_a_stand",1
"croz_20211127_170_469.jpg","ADPE_a",13
"croz_20211127_170_469.jpg","ADPE_a_stand",4
"croz_20211127_171_369.jpg","ADPE_a_stand",1
"croz_20211127_171_404.jpg","ADPE_a_stand",1
"croz_20211127_171_484.jpg","ADPE_a",1
"croz_20211127_171_489.jpg","ADPE_a",23
"croz_20211127_171_489.jpg","ADPE_a_stand",12
"croz_20211127_174_467.jpg","ADPE_a",18
"croz_20211127_174_467.jpg","ADPE_a_stand",4
"croz_20211127_176_403.jpg","ADPE_a",16
"croz_20211127_176_403.jpg","ADPE_a_stand",4
"croz_20211127_176_424.jpg","ADPE_a",28
"croz_20211127_176_424.jpg","ADPE_a_stand",8
"croz_20211127_178_388.jpg","ADPE_a",20
"croz_20211127_178_388.jpg","ADPE_a_stand",2
"croz_20211127_178_514.jpg","ADPE_a",10
"croz_20211127_178_514.jpg","ADPE_a_stand",3
"croz_20211127_179_438.jpg","no_ADPE",1
"croz_20211127_179_459.jpg","ADPE_a",3
"croz_20211127_179_459.jpg","ADPE_a_stand",1
"croz_20211127_180_417.jpg","ADPE_a",7
"croz_20211127_180_417.jpg","ADPE_a_stand",1
"croz_20211127_180_440.jpg","ADPE_a",4
"croz_20211127_180_469.jpg","ADPE_a",20
"croz_20211127_180_469.jpg","ADPE_a_stand",11
"croz_20211127_181_410.jpg","ADPE_a",1
"croz_20211127_181_517.jpg","ADPE_a",2
"croz_20211127_182_428.jpg","ADPE_a",22
"croz_20211127_182_428.jpg","ADPE_a_stand",1
"croz_20211127_183_493.jpg","ADPE_a",16
"croz_20211127_183_493.jpg","ADPE_a_stand",2
"croz_20211127_183_515.jpg","ADPE_a",2
"croz_20211127_183_515.jpg","ADPE_a_stand",1
"croz_20211127_183_521.jpg","ADPE_a",1
"croz_20211127_183_521.jpg","ADPE_a_stand",1
"croz_20211127_183_561.jpg","no_ADPE",1
"croz_20211127_184_475.jpg","ADPE_a",16
"croz_20211127_184_475.jpg","ADPE_a_stand",2
"croz_20211127_184_515.jpg","ADPE_a",9
"croz_20211127_184_520.jpg","ADPE_a",8
"croz_20211127_184_520.jpg","ADPE_a_stand",4
"croz_20211127_186_483.jpg","ADPE_a",13
"croz_20211127_186_483.jpg","ADPE_a_stand",9
"croz_20211127_187_530.jpg","ADPE_a",12
"croz_20211127_187_530.jpg","ADPE_a_stand",3
"croz_20211127_188_445.jpg","ADPE_a",23
"croz_20211127_188_445.jpg","ADPE_a_stand",10
"croz_20211127_188_548.jpg","ADPE_a",22
"croz_20211127_188_548.jpg","ADPE_a_stand",4
"croz_20211127_189_486.jpg","ADPE_a",1
"croz_20211127_189_512.jpg","ADPE_a",9
"croz_20211127_189_512.jpg","ADPE_a_stand",4
"croz_20211127_190_476.jpg","ADPE_a",19
"croz_20211127_190_476.jpg","ADPE_a_stand",4
"croz_20211127_190_519.jpg","no_ADPE",1
"croz_20211127_190_558.jpg","ADPE_a",8
"croz_20211127_190_558.jpg","ADPE_a_stand",3
"croz_20211127_191_441.jpg","ADPE_a",15
"croz_20211127_191_441.jpg","ADPE_a_stand",1
"croz_20211127_191_463.jpg","ADPE_a",3
"croz_20211127_192_466.jpg","ADPE_a",14
"croz_20211127_192_466.jpg","ADPE_a_stand",1
"croz_20211127_192_479.jpg","ADPE_a",1
"croz_20211127_192_525.jpg","ADPE_a",22
"croz_20211127_192_525.jpg","ADPE_a_stand",4
"croz_20211127_192_547.jpg","ADPE_a",21
"croz_20211127_192_547.jpg","ADPE_a_stand",5
"croz_20211127_193_466.jpg","ADPE_a",10
"croz_20211127_193_466.jpg","ADPE_a_stand",8
"croz_20211127_193_511.jpg","ADPE_a",16
"croz_20211127_193_548.jpg","ADPE_a",21
"croz_20211127_193_548.jpg","ADPE_a_stand",7
"croz_20211127_194_475.jpg","no_ADPE",1
"croz_20211127_194_494.jpg","ADPE_a",1
"croz_20211127_194_494.jpg","no_ADPE",2
"croz_20211127_195_541.jpg","no_ADPE",1
"croz_20211127_195_547.jpg","no_ADPE",1
"croz_20211127_195_550.jpg","no_ADPE",1
"croz_20211127_196_478.jpg","ADPE_a",12
"croz_20211127_196_478.jpg","ADPE_a_stand",2
"croz_20211127_198_492.jpg","ADPE_a",8
"croz_20211127_198_492.jpg","ADPE_a_stand",2
"croz_20211127_199_505.jpg","ADPE_a",19
"croz_20211127_199_505.jpg","ADPE_a_stand",6
"croz_20211127_200_481.jpg","ADPE_a_stand",1
"croz_20211127_200_487.jpg","ADPE_a",18
"croz_20211127_200_487.jpg","ADPE_a_stand",4
"croz_20211127_201_495.jpg","ADPE_a",20
"croz_20211127_201_495.jpg","ADPE_a_stand",4
"croz_20211127_202_478.jpg","no_ADPE",1
"croz_20211127_202_516.jpg","no_ADPE",1
"croz_20211127_203_474.jpg","ADPE_a",26
"croz_20211127_203_474.jpg","ADPE_a_stand",6
"croz_20211127_203_475.jpg","ADPE_a",11
"croz_20211127_203_475.jpg","ADPE_a_stand",1
"croz_20211127_204_468.jpg","no_ADPE",1
"croz_20211127_205_463.jpg","ADPE_a",5
"croz_20211127_296_639.jpg","no_ADPE",1
"croz_20211127_300_607.jpg","ADPE_a",8
"croz_20211127_300_607.jpg","ADPE_a_stand",1
"croz_20211127_302_608.jpg","no_ADPE",1
"croz_20211127_302_614.jpg","no_ADPE",1
"croz_20211127_302_632.jpg","no_ADPE",1
"croz_20211127_303_635.jpg","no_ADPE",1
"croz_20211127_303_652.jpg","no_ADPE",1
"croz_20211127_304_575.jpg","no_ADPE",1
"croz_20211127_304_648.jpg","no_ADPE",1
"croz_20211127_304_661.jpg","no_ADPE",1
"croz_20211127_305_575.jpg","ADPE_a",7
"croz_20211127_305_629.jpg","no_ADPE",1
"croz_20211127_305_648.jpg","no_ADPE",1
"croz_20211127_306_589.jpg","no_ADPE",1
"croz_20211127_306_620.jpg","ADPE_a",11
"croz_20211127_306_620.jpg","ADPE_a_stand",5
"croz_20211127_306_628.jpg","no_ADPE",1
"croz_20211127_307_617.jpg","ADPE_a",12
"croz_20211127_307_617.jpg","ADPE_a_stand",4
"croz_20211127_307_634.jpg","no_ADPE",1
"croz_20211127_308_600.jpg","ADPE_a",6
"croz_20211127_308_648.jpg","no_ADPE",1
"croz_20211127_309_576.jpg","ADPE_a",18
"croz_20211127_309_576.jpg","ADPE_a_stand",3
"croz_20211127_309_588.jpg","ADPE_a_stand",1
"croz_20211127_309_689.jpg","no_ADPE",1
"croz_20211127_310_630.jpg","no_ADPE",1
"croz_20211127_310_635.jpg","no_ADPE",1
"croz_20211127_312_570.jpg","ADPE_a",22
"croz_20211127_312_570.jpg","ADPE_a_stand",6
"croz_20211127_312_585.jpg","no_ADPE",1
"croz_20211127_312_605.jpg","no_ADPE",1
"croz_20211127_312_661.jpg","ADPE_a",3
"croz_20211127_312_696.jpg","no_ADPE",1
"croz_20211127_313_569.jpg","ADPE_a",7
"croz_20211127_313_569.jpg","ADPE_a_stand",6
"croz_20211127_313_593.jpg","no_ADPE",1
"croz_20211127_313_621.jpg","no_ADPE",1
"croz_20211127_313_632.jpg","no_ADPE",1
"croz_20211127_313_641.jpg","ADPE_a",11
"croz_20211127_315_576.jpg","no_ADPE",1
"croz_20211127_315_647.jpg","ADPE_a",15
"croz_20211127_315_647.jpg","ADPE_a_stand",1
"croz_20211127_315_681.jpg","no_ADPE",1
"croz_20211127_316_567.jpg","no_ADPE",1
"croz_20211127_316_614.jpg","no_ADPE",1
"croz_20211127_316_623.jpg","no_ADPE",1
"croz_20211127_317_610.jpg","ADPE_a",4
"croz_20211127_317_610.jpg","ADPE_a_stand",1
"croz_20211127_318_693.jpg","no_ADPE",1
"croz_20211127_319_579.jpg","no_ADPE",1
"croz_20211127_319_583.jpg","no_ADPE",1
"croz_20211127_319_585.jpg","no_ADPE",1
"croz_20211127_319_612.jpg","no_ADPE",1
"croz_20211127_320_587.jpg","no_ADPE",1
"croz_20211127_320_627.jpg","no_ADPE",1
"croz_20211127_320_655.jpg","no_ADPE",1
"croz_20211127_321_585.jpg","no_ADPE",1
"croz_20211127_323_634.jpg","no_ADPE",1
"croz_20211127_323_680.jpg","ADPE_a",9
"croz_20211127_323_680.jpg","ADPE_a_stand",6
"croz_20211127_324_576.jpg","ADPE_a",1
"croz_20211127_324_635.jpg","ADPE_a",1
"croz_20211127_324_635.jpg","ADPE_a_stand",1
"croz_20211127_324_681.jpg","no_ADPE",1
"croz_20211127_324_689.jpg","ADPE_a",2
"croz_20211127_326_636.jpg","no_ADPE",1
"croz_20211127_327_585.jpg","no_ADPE",1
"croz_20211127_327_600.jpg","no_ADPE",1
"croz_20211127_328_684.jpg","no_ADPE",1
"croz_20211127_328_693.jpg","ADPE_a",8
"croz_20211127_328_693.jpg","ADPE_a_stand",1
"croz_20211127_328_693.jpg","no_ADPE",6
"croz_20211127_330_613.jpg","no_ADPE",1
"croz_20211127_331_614.jpg","ADPE_a",16
"croz_20211127_331_614.jpg","ADPE_a_stand",1
"croz_20211127_331_660.jpg","no_ADPE",1
"croz_20211127_331_686.jpg","ADPE_a",3
"croz_20211127_331_686.jpg","ADPE_a_stand",1
"croz_20211127_331_691.jpg","ADPE_a",14
"croz_20211127_331_691.jpg","ADPE_a_stand",1
"croz_20211127_333_597.jpg","ADPE_a",17
"croz_20211127_333_597.jpg","ADPE_a_stand",5
"croz_20211127_333_621.jpg","ADPE_a",17
"croz_20211127_333_621.jpg","ADPE_a_stand",3
"croz_20211127_333_695.jpg","ADPE_a",20
"croz_20211127_333_695.jpg","ADPE_a_stand",1
"croz_20211127_334_711.jpg","no_ADPE",1
"croz_20211127_335_685.jpg","no_ADPE",1
"croz_20211127_335_688.jpg","ADPE_a",16
"croz_20211127_336_622.jpg","ADPE_a",14
"croz_20211127_336_633.jpg","no_ADPE",1
"croz_20211127_336_649.jpg","ADPE_a",6
"croz_20211127_336_649.jpg","ADPE_a_stand",2
"croz_20211127_336_680.jpg","no_ADPE",1
"croz_20211127_336_685.jpg","no_ADPE",1
"croz_20211127_337_600.jpg","no_ADPE",1
"croz_20211127_337_613.jpg","no_ADPE",1
"croz_20211127_337_644.jpg","no_ADPE",1
"croz_20211127_338_644.jpg","no_ADPE",1
"croz_20211127_338_661.jpg","ADPE_a",2
"croz_20211127_339_696.jpg","ADPE_a",24
"croz_20211127_340_658.jpg","ADPE_a",23
"croz_20211127_340_658.jpg","ADPE_a_stand",3
"croz_20211127_340_668.jpg","no_ADPE",1
"croz_20211127_340_690.jpg","ADPE_a",23
"croz_20211127_340_690.jpg","ADPE_a_stand",8
"croz_20211127_341_707.jpg","no_ADPE",1
"croz_20211127_341_715.jpg","no_ADPE",1
"croz_20211127_342_643.jpg","no_ADPE",1
"croz_20211127_342_678.jpg","no_ADPE",1
"croz_20211127_343_625.jpg","ADPE_a",18
"croz_20211127_343_625.jpg","ADPE_a_stand",3
"croz_20211127_343_675.jpg","no_ADPE",1
"croz_20211127_345_659.jpg","no_ADPE",1
"croz_20211127_346_652.jpg","no_ADPE",1
"croz_20211127_346_654.jpg","ADPE_a",2
"croz_20211127_346_699.jpg","no_ADPE",1
"croz_20211127_346_707.jpg","ADPE_a",18
"croz_20211127_346_707.jpg","ADPE_a_stand",7
"croz_20211127_346_709.jpg","no_ADPE",1
"croz_20211127_347_621.jpg","ADPE_a",10
"croz_20211127_347_621.jpg","ADPE_a_stand",1
"croz_20211127_347_644.jpg","no_ADPE",1
"croz_20211127_347_660.jpg","no_ADPE",1
"croz_20211127_347_670.jpg","no_ADPE",1
"croz_20211127_347_704.jpg","no_ADPE",1
"croz_20211127_348_684.jpg","ADPE_a",17
"croz_20211127_348_684.jpg","ADPE_a_stand",3
"croz_20211127_351_668.jpg","no_ADPE",1
"croz_20211127_352_716.jpg","no_ADPE",1
"croz_20211127_353_665.jpg","no_ADPE",1
"croz_20211127_355_695.jpg","ADPE_a",14
"croz_20211127_355_695.jpg","ADPE_a_stand",4
"croz_20211127_356_682.jpg","no_ADPE",1
"croz_20211127_356_697.jpg","ADPE_a",8
"croz_20211127_356_697.jpg","ADPE_a_stand",5
"croz_20211127_356_708.jpg","ADPE_a",12
"croz_20211127_356_708.jpg","ADPE_a_stand",2
"croz_20211127_356_716.jpg","no_ADPE",1
"croz_20211127_357_699.jpg","ADPE_a",10
"croz_20211127_357_699.jpg","ADPE_a_stand",3
"croz_20211127_358_652.jpg","ADPE_a",18
"croz_20211127_358_652.jpg","ADPE_a_stand",9
"croz_20211127_358_653.jpg","ADPE_a",15
"croz_20211127_358_653.jpg","ADPE_a_stand",2
"croz_20211127_358_672.jpg","no_ADPE",1
"croz_20211127_358_703.jpg","ADPE_a",3
"croz_20211127_358_703.jpg","ADPE_a_stand",1
"croz_20211127_362_686.jpg","no_ADPE",1
"croz_20211127_364_684.jpg","ADPE_a",13
"croz_20211127_364_684.jpg","ADPE_a_stand",2
"croz_20211127_364_698.jpg","no_ADPE",1
"croz_20211127_364_700.jpg","no_ADPE",1
"croz_20211127_365_695.jpg","no_ADPE",1
"croz_20211127_366_675.jpg","no_ADPE",1
"croz_20211127_367_664.jpg","no_ADPE",1
"croz_20211127_367_679.jpg","no_ADPE",1
"croz_20211127_367_680.jpg","no_ADPE",1
"croz_20211127_39_276.jpg","no_ADPE",1
"croz_20211127_41_265.jpg","no_ADPE",1
"croz_20211127_44_264.jpg","no_ADPE",1
"croz_20211127_45_242.jpg","no_ADPE",1
"croz_20211127_45_250.jpg","no_ADPE",1
"croz_20211127_46_254.jpg","no_ADPE",1
"croz_20211127_46_262.jpg","no_ADPE",1
"croz_20211127_47_266.jpg","no_ADPE",1
"croz_20211127_48_95.jpg","no_ADPE",1
"croz_20211127_50_200.jpg","no_ADPE",1
"croz_20211127_50_273.jpg","no_ADPE",1
"croz_20211127_52_231.jpg","no_ADPE",1
"croz_20211127_53_175.jpg","no_ADPE",1
"croz_20211127_53_193.jpg","no_ADPE",1
"croz_20211127_53_227.jpg","no_ADPE",1
"croz_20211127_53_269.jpg","ADPE_a",19
"croz_20211127_53_269.jpg","ADPE_a_stand",5
"croz_20211127_53_270.jpg","ADPE_a",13
"croz_20211127_53_270.jpg","ADPE_a_stand",8
"croz_20211127_54_236.jpg","no_ADPE",1
"croz_20211127_55_214.jpg","no_ADPE",1
"croz_20211127_56_248.jpg","ADPE_a",8
"croz_20211127_56_248.jpg","ADPE_a_stand",8
"croz_20211127_57_166.jpg","ADPE_a",33
"croz_20211127_57_166.jpg","ADPE_a_stand",4
"croz_20211127_57_187.jpg","no_ADPE",1
"croz_20211127_57_261.jpg","ADPE_a",13
"croz_20211127_57_261.jpg","ADPE_a_stand",6
"croz_20211127_57_400.jpg","no_ADPE",1
"croz_20211127_58_190.jpg","no_ADPE",1
"croz_20211127_58_249.jpg","ADPE_a",22
"croz_20211127_58_249.jpg","ADPE_a_stand",6
"croz_20211127_58_276.jpg","ADPE_a",21
"croz_20211127_58_276.jpg","ADPE_a_stand",6
"croz_20211127_59_158.jpg","no_ADPE",1
"croz_20211127_59_219.jpg","no_ADPE",1
"croz_20211127_60_234.jpg","ADPE_a",4
"croz_20211127_60_234.jpg","ADPE_a_stand",2
"croz_20211127_60_269.jpg","ADPE_a",8
"croz_20211127_60_269.jpg","ADPE_a_stand",7
"croz_20211127_60_382.jpg","no_ADPE",1
"croz_20211127_61_264.jpg","ADPE_a",13
"croz_20211127_61_264.jpg","ADPE_a_stand",5
"croz_20211127_62_260.jpg","ADPE_a",11
"croz_20211127_62_260.jpg","ADPE_a_stand",8
"croz_20211127_63_282.jpg","ADPE_a",13
"croz_20211127_63_282.jpg","ADPE_a_stand",6
"croz_20211127_64_201.jpg","no_ADPE",1
"croz_20211127_65_267.jpg","ADPE_a",17
"croz_20211127_65_267.jpg","ADPE_a_stand",6
"croz_20211127_65_281.jpg","ADPE_a",17
"croz_20211127_65_281.jpg","ADPE_a_stand",4
"croz_20211127_65_373.jpg","no_ADPE",1
"croz_20211127_66_157.jpg","ADPE_a",25
"croz_20211127_66_157.jpg","ADPE_a_stand",10
"croz_20211127_66_201.jpg","ADPE_a",1
"croz_20211127_66_201.jpg","ADPE_a_stand",1
"croz_20211127_66_230.jpg","ADPE_a",14
"croz_20211127_66_230.jpg","ADPE_a_stand",7
"croz_20211127_67_321.jpg","no_ADPE",1
"croz_20211127_67_420.jpg","ADPE_a",25
"croz_20211127_67_420.jpg","ADPE_a_stand",9
"croz_20211127_68_163.jpg","ADPE_a",9
"croz_20211127_68_163.jpg","ADPE_a_stand",3
"croz_20211127_68_400.jpg","no_ADPE",1
"croz_20211127_69_358.jpg","no_ADPE",1
"croz_20211127_70_297.jpg","no_ADPE",1
"croz_20211127_70_401.jpg","ADPE_a",13
"croz_20211127_70_401.jpg","ADPE_a_stand",9
"croz_20211127_71_170.jpg","no_ADPE",1
"croz_20211127_71_214.jpg","ADPE_a",13
"croz_20211127_71_214.jpg","ADPE_a_stand",9
"croz_20211127_71_233.jpg","ADPE_a",23
"croz_20211127_71_233.jpg","ADPE_a_stand",6
"croz_20211127_72_258.jpg","no_ADPE",1
"croz_20211127_72_366.jpg","no_ADPE",1
"croz_20211127_72_384.jpg","ADPE_a",5
"croz_20211127_72_384.jpg","ADPE_a_stand",7
"croz_20211127_72_397.jpg","ADPE_a",15
"croz_20211127_72_397.jpg","ADPE_a_stand",3
"croz_20211127_73_372.jpg","ADPE_a",10
"croz_20211127_73_372.jpg","ADPE_a_stand",3
"croz_20211127_73_377.jpg","ADPE_a_stand",1
"croz_20211127_73_607.jpg","no_ADPE",1
"croz_20211127_74_193.jpg","ADPE_a",4
"croz_20211127_74_233.jpg","ADPE_a",6
"croz_20211127_74_233.jpg","ADPE_a_stand",4
"croz_20211127_74_362.jpg","ADPE_a",1
"croz_20211127_74_382.jpg","ADPE_a",12
"croz_20211127_74_382.jpg","ADPE_a_stand",5
"croz_20211127_75_201.jpg","ADPE_a",4
"croz_20211127_75_201.jpg","ADPE_a_stand",7
"croz_20211127_75_378.jpg","ADPE_a_stand",1
"croz_20211127_75_387.jpg","ADPE_a",9
"croz_20211127_75_387.jpg","ADPE_a_stand",2
"croz_20211127_75_399.jpg","ADPE_a",3
"croz_20211127_75_399.jpg","ADPE_a_stand",2
"croz_20211127_75_435.jpg","no_ADPE",1
"croz_20211127_75_502.jpg","no_ADPE",1
"croz_20211127_76_244.jpg","ADPE_a",18
"croz_20211127_76_244.jpg","ADPE_a_stand",5
"croz_20211127_76_351.jpg","ADPE_a",11
"croz_20211127_76_351.jpg","ADPE_a_stand",5
"croz_20211127_76_593.jpg","no_ADPE",1
"croz_20211127_76_595.jpg","no_ADPE",1
"croz_20211127_76_610.jpg","no_ADPE",1
"croz_20211127_77_350.jpg","ADPE_a",16
"croz_20211127_77_350.jpg","ADPE_a_stand",10
"croz_20211127_77_553.jpg","no_ADPE",1
"croz_20211127_78_422.jpg","no_ADPE",1
"croz_20211127_78_470.jpg","no_ADPE",1
"croz_20211127_78_525.jpg","no_ADPE",1
"croz_20211127_78_633.jpg","no_ADPE",1
"croz_20211127_78_635.jpg","no_ADPE",1
"croz_20211127_79_204.jpg","ADPE_a",25
"croz_20211127_79_204.jpg","ADPE_a_stand",10
"croz_20211127_79_208.jpg","ADPE_a",13
"croz_20211127_79_208.jpg","ADPE_a_stand",4
"croz_20211127_79_432.jpg","no_ADPE",1
"croz_20211127_79_553.jpg","no_ADPE",1
"croz_20211127_79_622.jpg","no_ADPE",1
"croz_20211127_80_196.jpg","no_ADPE",1
"croz_20211127_80_533.jpg","no_ADPE",1
"croz_20211127_80_569.jpg","no_ADPE",1
"croz_20211127_80_618.jpg","no_ADPE",1
"croz_20211127_81_249.jpg","ADPE_a",12
"croz_20211127_81_249.jpg","ADPE_a_stand",7
"croz_20211127_81_284.jpg","ADPE_a",28
"croz_20211127_81_284.jpg","ADPE_a_stand",9
"croz_20211127_81_347.jpg","no_ADPE",1
"croz_20211127_81_352.jpg","ADPE_a",20
"croz_20211127_81_352.jpg","ADPE_a_stand",6
"croz_20211127_81_386.jpg","ADPE_a",4
"croz_20211127_81_386.jpg","ADPE_a_stand",3
"croz_20211127_81_473.jpg","no_ADPE",1
"croz_20211127_81_570.jpg","no_ADPE",1
"croz_20211127_81_628.jpg","no_ADPE",1
"croz_20211127_82_149.jpg","ADPE_a",11
"croz_20211127_82_149.jpg","ADPE_a_stand",3
"croz_20211127_82_210.jpg","ADPE_a",2
"croz_20211127_82_605.jpg","no_ADPE",1
"croz_20211127_83_121.jpg","no_ADPE",1
"croz_20211127_83_256.jpg","ADPE_a",34
"croz_20211127_83_256.jpg","ADPE_a_stand",1
"croz_20211127_83_471.jpg","no_ADPE",1
"croz_20211127_83_579.jpg","no_ADPE",1
"croz_20211127_83_609.jpg","no_ADPE",1
"croz_20211127_84_280.jpg","ADPE_a",15
"croz_20211127_84_280.jpg","ADPE_a_stand",3
"croz_20211127_84_302.jpg","no_ADPE",1
"croz_20211127_84_402.jpg","ADPE_a",15
"croz_20211127_84_402.jpg","ADPE_a_stand",7
"croz_20211127_84_440.jpg","ADPE_a",22
"croz_20211127_84_440.jpg","ADPE_a_stand",3
"croz_20211127_84_526.jpg","ADPE_a",3
"croz_20211127_84_526.jpg","ADPE_a_stand",2
"croz_20211127_85_207.jpg","ADPE_a",20
"croz_20211127_85_207.jpg","ADPE_a_stand",2
"croz_20211127_85_312.jpg","no_ADPE",1
"croz_20211127_85_386.jpg","ADPE_a",19
"croz_20211127_85_386.jpg","ADPE_a_stand",4
"croz_20211127_85_486.jpg","no_ADPE",1
"croz_20211127_85_544.jpg","ADPE_a",8
"croz_20211127_85_645.jpg","ADPE_a",3
"croz_20211127_85_645.jpg","ADPE_a_stand",4
"croz_20211127_86_229.jpg","no_ADPE",1
"croz_20211127_86_342.jpg","no_ADPE",1
"croz_20211127_86_465.jpg","no_ADPE",1
"croz_20211127_86_519.jpg","no_ADPE",1
"croz_20211127_86_614.jpg","no_ADPE",1
"croz_20211127_86_641.jpg","ADPE_a",13
"croz_20211127_86_641.jpg","ADPE_a_stand",5
"croz_20211127_87_198.jpg","ADPE_a",27
"croz_20211127_87_198.jpg","ADPE_a_stand",7
"croz_20211127_87_514.jpg","no_ADPE",1
"croz_20211127_88_151.jpg","ADPE_a",12
"croz_20211127_88_151.jpg","ADPE_a_stand",13
"croz_20211127_88_194.jpg","no_ADPE",1
"croz_20211127_88_212.jpg","ADPE_a",1
"croz_20211127_88_216.jpg","ADPE_a",27
"croz_20211127_88_216.jpg","ADPE_a_stand",5
"croz_20211127_88_546.jpg","no_ADPE",1
"croz_20211127_88_561.jpg","no_ADPE",1
"croz_20211127_88_603.jpg","no_ADPE",1
"croz_20211127_89_160.jpg","no_ADPE",1
"croz_20211127_89_271.jpg","ADPE_a",10
"croz_20211127_89_271.jpg","ADPE_a_stand",1
"croz_20211127_89_440.jpg","ADPE_a",4
"croz_20211127_89_440.jpg","ADPE_a_stand",2
"croz_20211127_89_587.jpg","no_ADPE",1
"croz_20211127_89_616.jpg","no_ADPE",1
"croz_20211127_90_260.jpg","ADPE_a",13
"croz_20211127_90_260.jpg","ADPE_a_stand",5
"croz_20211127_90_414.jpg","ADPE_a",27
"croz_20211127_90_414.jpg","ADPE_a_stand",8
"croz_20211127_90_488.jpg","ADPE_a",4
"croz_20211127_90_585.jpg","ADPE_a",2
"croz_20211127_90_585.jpg","ADPE_a_stand",1
"croz_20211127_90_593.jpg","no_ADPE",1
"croz_20211127_90_626.jpg","no_ADPE",1
"croz_20211127_91_150.jpg","no_ADPE",1
"croz_20211127_91_441.jpg","no_ADPE",1
"croz_20211127_91_578.jpg","no_ADPE",1
"croz_20211127_92_155.jpg","ADPE_a",20
"croz_20211127_92_155.jpg","ADPE_a_stand",5
"croz_20211127_92_257.jpg","ADPE_a",1
"croz_20211127_92_280.jpg","ADPE_a",19
"croz_20211127_92_280.jpg","ADPE_a_stand",2
"croz_20211127_92_334.jpg","ADPE_a",27
"croz_20211127_92_334.jpg","ADPE_a_stand",1
"croz_20211127_92_400.jpg","ADPE_a",13
"croz_20211127_92_400.jpg","ADPE_a_stand",10
"croz_20211127_92_410.jpg","ADPE_a",22
"croz_20211127_92_410.jpg","ADPE_a_stand",7
"croz_20211127_92_431.jpg","ADPE_a",15
"croz_20211127_92_431.jpg","ADPE_a_stand",1
"croz_20211127_92_432.jpg","ADPE_a",16
"croz_20211127_92_432.jpg","ADPE_a_stand",6
"croz_20211127_92_457.jpg","ADPE_a",20
"croz_20211127_92_457.jpg","ADPE_a_stand",4
"croz_20211127_92_460.jpg","ADPE_a",9
"croz_20211127_92_460.jpg","ADPE_a_stand",5
"croz_20211127_92_483.jpg","no_ADPE",1
"croz_20211127_92_489.jpg","no_ADPE",1
"croz_20211127_92_544.jpg","no_ADPE",1
"croz_20211127_92_547.jpg","no_ADPE",1
"croz_20211127_92_578.jpg","ADPE_a",6
"croz_20211127_92_578.jpg","ADPE_a_stand",3
"croz_20211127_92_637.jpg","ADPE_a",3
"croz_20211127_93_419.jpg","ADPE_a",5
"croz_20211127_93_419.jpg","ADPE_a_stand",1
"croz_20211127_93_463.jpg","ADPE_a",1
"croz_20211127_93_463.jpg","ADPE_a_stand",2
"croz_20211127_93_507.jpg","no_ADPE",1
"croz_20211127_94_260.jpg","ADPE_a",15
"croz_20211127_94_260.jpg","ADPE_a_stand",4
"croz_20211127_94_474.jpg","ADPE_a_stand",1
"croz_20211127_94_535.jpg","no_ADPE",1
"croz_20211127_94_643.jpg","ADPE_a",2
"croz_20211127_94_643.jpg","ADPE_a_stand",1
"croz_20211127_95_225.jpg","ADPE_a",13
"croz_20211127_95_225.jpg","ADPE_a_stand",3
"croz_20211127_95_228.jpg","ADPE_a",3
"croz_20211127_95_231.jpg","ADPE_a",8
"croz_20211127_95_482.jpg","no_ADPE",1
"croz_20211127_95_634.jpg","ADPE_a",12
"croz_20211127_95_634.jpg","ADPE_a_stand",6
"croz_20211127_96_277.jpg","ADPE_a",6
"croz_20211127_96_277.jpg","ADPE_a_stand",2
"croz_20211127_96_395.jpg","no_ADPE",1
"croz_20211127_96_422.jpg","ADPE_a",12
"croz_20211127_96_422.jpg","ADPE_a_stand",5
"croz_20211127_96_485.jpg","no_ADPE",1
"croz_20211127_96_560.jpg","no_ADPE",1
"croz_20211127_96_581.jpg","no_ADPE",1
"croz_20211127_97_218.jpg","no_ADPE",1
"croz_20211127_97_412.jpg","ADPE_a",12
"croz_20211127_97_412.jpg","ADPE_a_stand",2
"croz_20211127_97_523.jpg","ADPE_a",6
"croz_20211127_97_523.jpg","ADPE_a_stand",2
"croz_20211127_97_562.jpg","no_ADPE",1
"croz_20211127_97_579.jpg","no_ADPE",1
"croz_20211127_97_635.jpg","no_ADPE",1
"croz_20211127_98_189.jpg","ADPE_a",14
"croz_20211127_98_189.jpg","ADPE_a_stand",2
"croz_20211127_98_222.jpg","no_ADPE",1
"croz_20211127_98_449.jpg","no_ADPE",1
"croz_20211127_98_463.jpg","ADPE_a",19
"croz_20211127_98_463.jpg","ADPE_a_stand",6
"croz_20211127_98_535.jpg","ADPE_a",14
"croz_20211127_98_535.jpg","ADPE_a_stand",5
"croz_20211127_99_188.jpg","ADPE_a",33
"croz_20211127_99_188.jpg","ADPE_a_stand",4
"croz_20211127_99_443.jpg","no_ADPE",1
"croz_20211127_99_483.jpg","ADPE_a",15
"croz_20211127_99_483.jpg","ADPE_a_stand",3
"croz_20211127_99_566.jpg","ADPE_a",5
"croz_20211127_99_566.jpg","ADPE_a_stand",2
"croz_20211127_99_585.jpg","ADPE_a",4
"croz_20211127_99_585.jpg","ADPE_a_stand",7
"croz_20211127_99_589.jpg","no_ADPE",1
